{
	"0":{"x":2553558.1158829676, "y":6674022.108437747},
	"1":{"x":2553256.4880741183, "y":6674002.824011413},
	"2":{"x":2552932.8422519267, "y":6673978.828503751},
	"3":{"x":2552757.3251099777, "y":6673680.650063182},
	"4":{"x":2552363.5334775783, "y":6673567.544102095},
	"5":{"x":2552275.651163554, "y":6673509.600802434}
}